ticker,company,share_type,weight_percent,start_date,end_date,start_price,end_price,absolute_change,return_percent
EMBJ3,EMBRAER,ON      NM,3.09,2022-08-18,2026-08-18,15.08348560333252,100.63999938964844,85.55651378631592,567.2197795409651
CSMG3,COPASA,ON      NM,0.852,2022-08-18,2026-08-18,9.284550666809082,54.04999923706055,44.765448570251465,482.14986569335474
CURY3,CURY S/A,ON  ED  NM,0.225,2022-08-18,2026-08-18,5.750282287597656,31.110000610351562,25.359718322753906,441.0169284636746
DIRR3,DIRECIONAL,ON      NM,0.151,2022-08-18,2026-08-18,3.0274624824523926,10.3100004196167,7.282537937164307,240.54923816149474
POMO4,MARCOPOLO,PN      N2,0.129,2022-08-18,2026-08-18,1.281698226928711,4.070000171661377,2.788301944732666,217.54746056052346
SBSP3,SABESP,ON      NM,2.953,2022-08-18,2026-08-18,8.123091697692871,23.6200008392334,15.496909141540527,190.7759966065873
PSSA3,PORTO SEGURO,ON      NM,0.367,2022-08-18,2026-08-18,16.603437423706055,47.790000915527344,31.18656349182129,187.8319693444548
CXSE3,CAIXA SEGURI,ON      NM,0.465,2022-08-18,2026-08-18,6.357289791107178,17.959999084472656,11.602709293365479,182.51030981151425
UGPA3,ULTRAPAR,ON      NM,1.561,2022-08-18,2026-08-18,11.964037895202637,33.15999984741211,21.195961952209473,177.16394864236156
VBBR3,VIBRA,ON      NM,1.734,2022-08-18,2026-08-18,13.227355003356934,34.16999816894531,20.94264316558838,158.328276214507
CPLE3,COPEL,ON      NM,1.77,2022-08-18,2026-08-18,5.400542259216309,13.729999542236328,8.32945728302002,154.23372104542582
PETR3,PETROBRAS,ON      N2,4.59,2022-08-18,2026-08-18,18.82712745666504,47.56999969482422,28.74287223815918,152.66732699567424
PETR4,PETROBRAS,PN      N2,8.097,2022-08-18,2026-08-18,17.144018173217773,42.779998779296875,25.6359806060791,149.53309280858903
PRIO3,PRIO,ON      NM,2.016,2022-08-18,2026-08-18,24.600486755371094,61.36000061035156,36.75951385498047,149.4259614475094
CEAB3,CEA MODAS,ON      NM,0.069,2022-08-18,2026-08-18,3.0248920917510986,7.440000057220459,4.41510796546936,145.95918900741586
CMIN3,CSNMINERACAO,ON      N2,0.411,2022-08-18,2026-08-18,2.3839471340179443,5.849999904632568,3.466052770614624,145.3913436735017
ITSA4,ITAUSA,PN      N1,3.19,2022-08-18,2026-08-18,5.34262752532959,12.359999656677246,7.017372131347656,131.3468344569791
BPAC11,BTGP BANCO,UNT EJ  N2,2.582,2022-08-18,2026-08-18,23.486181259155273,50.40999984741211,26.923818588256836,114.63685088337434
ITUB4,ITAUUNIBANCO,PN      N1,8.378,2022-08-18,2026-08-18,17.870939254760742,38.220001220703125,20.349061965942383,113.86677373726441
TIMS3,TIM,ON      NM,0.61,2022-08-18,2026-08-18,8.644181251525879,18.020000457763672,9.375819206237793,108.46393583640746
BBSE3,BBSEGURIDADE,ON  ED  NM,0.993,2022-08-18,2026-08-18,18.906368255615234,37.279998779296875,18.37363052368164,97.18223127397631
GOAU4,GERDAU MET,PN      N1,0.398,2022-08-18,2026-08-18,5.7889862060546875,10.869999885559082,5.0810136795043945,87.77035388666454
ALOS3,ALLOS,ON      NM,0.526,2022-08-18,2026-08-18,14.516852378845215,25.3700008392334,10.853148460388184,74.76240838684845
WEGE3,WEG,ON      NM,3.082,2022-08-18,2026-08-18,28.05679702758789,48.31999969482422,20.263202667236328,72.22208097136598
CYRE3,CYRELA REALT,ON      NM,0.261,2022-08-18,2026-08-18,12.274001121520996,21.010000228881836,8.73599910736084,71.17482735147635
CMIG4,CEMIG,PN      N1,0.84,2022-08-18,2026-08-18,5.995794773101807,10.170000076293945,4.174205303192139,69.61888225258078
VIVT3,TELEF BRASIL,ON,0.909,2022-08-18,2026-08-18,17.46343421936035,29.579999923706055,12.116565704345703,69.3824911649566
GGBR4,GERDAU,PN      N1,1.347,2022-08-18,2026-08-18,15.288476943969727,24.260000228881836,8.97152328491211,58.681602606927896
ENEV3,ENEVA,ON      NM,2.029,2022-08-18,2026-08-18,15.699999809265137,24.690000534057617,8.99000072479248,57.26115180897746
EQTL3,EQUATORIAL,ON      NM,1.846,2022-08-18,2026-08-18,22.9400691986084,34.439998626708984,11.499929428100586,50.13031708203479
FLRY3,FLEURY,ON  EJ  NM,0.351,2022-08-18,2026-08-18,12.119742393493652,18.06999969482422,5.950257301330566,49.095575699075056
VALE3,VALE,ON  EDJ NM,10.913,2022-08-18,2026-08-18,48.91811752319336,71.5999984741211,22.681880950927734,46.367035567494305
MBRF3,MARFRIG,ON      NM,0.53,2022-08-18,2026-08-18,11.108428001403809,16.15999984741211,5.051571846008301,45.475127942224745
ISAE4,ISA ENERGIA,PN      N1,0.509,2022-08-18,2026-08-18,17.929155349731445,25.43000030517578,7.500844955444336,41.836019651403646
BRAP4,BRADESPAR,PN      N1,0.219,2022-08-18,2026-08-18,14.36553955078125,20.18000030517578,5.814460754394531,40.475060013171024
CPFE3,CPFL ENERGIA,ON      NM,0.333,2022-08-18,2026-08-18,30.790246963500977,41.20000076293945,10.409753799438477,33.80860767949763
B3SA3,B3,ON      NM,3.112,2022-08-18,2026-08-18,11.156368255615234,14.380000114440918,3.2236318588256836,28.894993289623283
TAEE11,TAESA,UNT EDJ N2,0.352,2022-08-18,2026-08-18,29.668270111083984,37.060001373291016,7.391731262207031,24.91460147332789
SANB11,SANTANDER BR,UNT,0.461,2022-08-18,2026-08-18,23.541118621826172,29.149999618530273,5.608880996704102,23.825889868733018
ENGI11,ENERGISA,UNT ED  N2,0.615,2022-08-18,2026-08-18,35.394893646240234,43.70000076293945,8.305107116699219,23.464139205236513
IGTI11,IGUATEMI S.A,UNT     N1,0.208,2022-08-18,2026-08-18,19.03110122680664,23.309999465942383,4.278898239135742,22.483713307712392
BBDC3,BRADESCO,ON      N1,0.955,2022-08-18,2026-08-18,11.697312355041504,14.170000076293945,2.4726877212524414,21.13893898188264
MULT3,MULTIPLAN,ON      N2,0.37,2022-08-18,2026-08-18,22.14530372619629,26.459999084472656,4.314695358276367,19.483568216643587
KLBN11,KLABIN S/A,UNT     N2,0.605,2022-08-18,2026-08-18,14.67015552520752,17.450000762939453,2.7798452377319336,18.94898273542749
ABEV3,AMBEV S/A,ON,2.71,2022-08-18,2026-08-18,12.700661659240723,14.760000228881836,2.0593385696411133,16.214419570359805
AXIA3,AXIA ENERGIA,ON  ATZ NM,4.678,2022-08-18,2026-08-18,43.222007751464844,49.86000061035156,6.637992858886719,15.357900301754835
BBAS3,BRASIL,ON      NM,2.205,2022-08-18,2026-08-18,15.66291332244873,17.90999984741211,2.247086524963379,14.346542553758269
SMFT3,SMART FIT,ON      NM,0.413,2022-08-18,2026-08-18,14.53564453125,16.559999465942383,2.024354934692383,13.92683296802042
EGIE3,ENGIE BRASIL,ON      NM,0.537,2022-08-18,2026-08-18,24.501712799072266,27.8700008392334,3.368288040161133,13.747153383859235
BBDC4,BRADESCO,PN      N1,3.781,2022-08-18,2026-08-18,14.276633262634277,16.100000381469727,1.8233671188354492,12.77168843166745
RDOR3,REDE D OR,ON      NM,1.561,2022-08-18,2026-08-18,30.635746002197266,32.880001068115234,2.2442550659179688,7.325609324992466
TOTS3,TOTVS,ON      NM,0.706,2022-08-18,2026-08-18,29.14238739013672,31.25,2.1076126098632812,7.232120627758198
MOTV3,MOTIVA SA,ON      NM,0.595,2022-08-18,2026-08-18,12.85782241821289,13.699999809265137,0.8421773910522461,6.549922402562625
COGN3,COGNA ON,ON      NM,0.176,2022-08-18,2026-08-18,2.1931936740875244,2.0799999237060547,-0.11319375038146973,-5.161137920414793
SLCE3,SLC AGRICOLA,ON      NM,0.131,2022-08-18,2026-08-18,14.625612258911133,13.789999961853027,-0.8356122970581055,-5.713349173119109
VIVA3,VIVARA S.A.,ON      NM,0.11,2022-08-18,2026-08-18,22.670820236206055,20.670000076293945,-2.0008201599121094,-8.825530523667302
SUZB3,SUZANO S.A.,ON      NM,1.075,2022-08-18,2026-08-18,45.26216506958008,41.22999954223633,-4.03216552734375,-8.908468079565424
AURE3,AUREN,ON      NM,0.139,2022-08-18,2026-08-18,11.2009859085083,10.079999923706055,-1.120985984802246,-10.007922462885544
RADL3,RAIADROGASIL,ON      NM,0.98,2022-08-18,2026-08-18,20.598249435424805,17.100000381469727,-3.498249053955078,-16.983234740029896
USIM5,USIMINAS,PNA     N1,0.142,2022-08-18,2026-08-18,8.47340202331543,6.28000020980835,-2.19340181350708,-25.885728158202703
RAIL3,RUMO S.A.,ON      NM,0.719,2022-08-18,2026-08-18,18.844860076904297,13.260000228881836,-5.584859848022461,-29.63598469413472
YDUQ3,YDUQS PART,ON      NM,0.082,2022-08-18,2026-08-18,11.172113418579102,7.320000171661377,-3.8521132469177246,-34.479718407724924
RECV3,PETRORECSA,ON  EJ  NM,0.124,2022-08-18,2026-08-18,16.152372360229492,10.15999984741211,-5.992372512817383,-37.099024088695806
RENT3,LOCALIZA,ON      NM,1.414,2022-08-18,2026-08-18,54.71611022949219,32.61000061035156,-22.106109619140625,-40.40146407780528
HYPE3,HYPERA,ON      NM,0.291,2022-08-18,2026-08-18,34.85698318481445,20.6299991607666,-14.226984024047852,-40.81530506703712
BRAV3,BRAVA,ON  ATZ NM,0.279,2022-08-18,2026-08-18,33.9747314453125,18.68000030517578,-15.294731140136719,-45.01796037668735
LREN3,LOJAS RENNER,ON      NM,0.468,2022-08-18,2026-08-18,20.8088321685791,10.6899995803833,-10.1188325881958,-48.62758518219501
MRVE3,MRV,ON      NM,0.079,2022-08-18,2026-08-18,10.40614128112793,4.769999980926514,-5.636141300201416,-54.16168345151
ASAI3,ASSAI,ON      NM,0.471,2022-08-18,2026-08-18,17.45659637451172,7.900000095367432,-9.556596279144287,-54.74490028937039
CSNA3,SID NACIONAL,ON,0.144,2022-08-18,2026-08-18,11.073602676391602,4.579999923706055,-6.493602752685547,-58.64038057397166
BEEF3,MINERVA,ON      NM,0.066,2022-08-18,2026-08-18,13.295175552368164,3.3299999237060547,-9.96517562866211,-74.95332114578277
AZZA3,AZZAS 2154,ON      NM,0.071,2022-08-18,2026-08-18,75.9636001586914,15.380000114440918,-60.58360004425049,-79.7534607597436
NATU3,NATURA,ON      NM,0.278,2025-06-26,2026-08-18,36.86000061035156,7.460000038146973,-29.40000057220459,-79.76125904878052
VAMO3,VAMOS,ON      NM,0.054,2022-08-18,2026-08-18,13.639862060546875,2.740000009536743,-10.899862051010132,-79.91182024148061
CSAN3,COSAN,ON      NM,0.312,2022-08-18,2026-08-18,19.984498977661133,3.1500000953674316,-16.8344988822937,-84.23778299927093
BRKM5,BRASKEM,PNA     N1,0.06,2022-08-18,2026-08-18,34.31999969482422,5.099999904632568,-29.21999979019165,-85.1398602855999
MGLU3,MAGAZ LUIZA,ON      NM,0.068,2022-08-18,2026-08-18,34.52556610107422,4.260000228881836,-30.265565872192383,-87.66131678649205
HAPV3,HAPVIDA,ON      NM,0.077,2022-08-18,2026-08-18,119.0999984741211,6.78000020980835,-112.31999826431274,-94.30730453679934
